[{"model": "admin.logentry", "pk": 1, "fields": {"action_time": "2023-05-21T19:23:27.662", "user": 1, "content_type": 9, "object_id": "1", "object_repr": "Guitar", "action_flag": 1, "change_message": "[{\"added\": {}}]"}}, {"model": "admin.logentry", "pk": 2, "fields": {"action_time": "2023-05-21T19:23:37.597", "user": 1, "content_type": 10, "object_id": "1", "object_repr": "Fender", "action_flag": 1, "change_message": "[{\"added\": {}}]"}}, {"model": "admin.logentry", "pk": 3, "fields": {"action_time": "2023-05-21T19:23:44.398", "user": 1, "content_type": 11, "object_id": "1", "object_repr": "Maple", "action_flag": 1, "change_message": "[{\"added\": {}}]"}}, {"model": "admin.logentry", "pk": 4, "fields": {"action_time": "2023-05-21T19:23:51.957", "user": 1, "content_type": 9, "object_id": "2", "object_repr": "Strings", "action_flag": 1, "change_message": "[{\"added\": {}}]"}}, {"model": "admin.logentry", "pk": 5, "fields": {"action_time": "2023-05-22T22:52:43.715", "user": 1, "content_type": 9, "object_id": "2", "object_repr": "╤ЄЁєэ√", "action_flag": 2, "change_message": "[{\"changed\": {\"fields\": [\"Name\"]}}]"}}, {"model": "admin.logentry", "pk": 6, "fields": {"action_time": "2023-05-22T22:52:48.282", "user": 1, "content_type": 9, "object_id": "1", "object_repr": "├шЄрЁ√", "action_flag": 2, "change_message": "[{\"changed\": {\"fields\": [\"Name\"]}}]"}}, {"model": "admin.logentry", "pk": 7, "fields": {"action_time": "2023-05-22T22:52:58.434", "user": 1, "content_type": 9, "object_id": "3", "object_repr": "╩юьсюєёшышЄхыш", "action_flag": 1, "change_message": "[{\"added\": {}}]"}}, {"model": "admin.logentry", "pk": 8, "fields": {"action_time": "2023-05-22T22:53:06.962", "user": 1, "content_type": 9, "object_id": "4", "object_repr": "╧хфрыш", "action_flag": 1, "change_message": "[{\"added\": {}}]"}}, {"model": "admin.logentry", "pk": 9, "fields": {"action_time": "2023-05-22T22:54:15.737", "user": 1, "content_type": 10, "object_id": "2", "object_repr": "Dean", "action_flag": 1, "change_message": "[{\"added\": {}}]"}}, {"model": "admin.logentry", "pk": 10, "fields": {"action_time": "2023-05-22T22:56:28.507", "user": 1, "content_type": 11, "object_id": "1", "object_repr": "Maple", "action_flag": 3, "change_message": ""}}, {"model": "admin.logentry", "pk": 11, "fields": {"action_time": "2023-05-22T22:56:40.553", "user": 1, "content_type": 11, "object_id": "2", "object_repr": "╩ы╕э", "action_flag": 1, "change_message": "[{\"added\": {}}]"}}, {"model": "admin.logentry", "pk": 12, "fields": {"action_time": "2023-05-22T22:56:51.881", "user": 1, "content_type": 11, "object_id": "3", "object_repr": "▀ёхэ№", "action_flag": 1, "change_message": "[{\"added\": {}}]"}}, {"model": "admin.logentry", "pk": 13, "fields": {"action_time": "2023-05-22T22:57:03.746", "user": 1, "content_type": 11, "object_id": "4", "object_repr": "╩Ёрёэюх фхЁхтю", "action_flag": 1, "change_message": "[{\"added\": {}}]"}}, {"model": "admin.logentry", "pk": 14, "fields": {"action_time": "2023-05-22T22:57:12.946", "user": 1, "content_type": 11, "object_id": "5", "object_repr": "╥юяюы№", "action_flag": 1, "change_message": "[{\"added\": {}}]"}}, {"model": "admin.logentry", "pk": 15, "fields": {"action_time": "2023-05-22T22:57:20.625", "user": 1, "content_type": 11, "object_id": "6", "object_repr": "╧рышёрэфЁ", "action_flag": 1, "change_message": "[{\"added\": {}}]"}}, {"model": "admin.logentry", "pk": 16, "fields": {"action_time": "2023-05-22T22:57:32.105", "user": 1, "content_type": 11, "object_id": "7", "object_repr": "╦шяр", "action_flag": 1, "change_message": "[{\"added\": {}}]"}}, {"model": "admin.logentry", "pk": 17, "fields": {"action_time": "2023-05-22T22:58:20.547", "user": 1, "content_type": 11, "object_id": "8", "object_repr": "┴Ёюэчр", "action_flag": 1, "change_message": "[{\"added\": {}}]"}}, {"model": "admin.logentry", "pk": 18, "fields": {"action_time": "2023-05-22T22:58:25.290", "user": 1, "content_type": 11, "object_id": "9", "object_repr": "╤Єры№", "action_flag": 1, "change_message": "[{\"added\": {}}]"}}, {"model": "admin.logentry", "pk": 19, "fields": {"action_time": "2023-05-22T22:58:41.178", "user": 1, "content_type": 11, "object_id": "10", "object_repr": "╪╕ыъ", "action_flag": 1, "change_message": "[{\"added\": {}}]"}}, {"model": "admin.logentry", "pk": 20, "fields": {"action_time": "2023-05-22T23:00:59.571", "user": 1, "content_type": 10, "object_id": "3", "object_repr": "Epiphone", "action_flag": 1, "change_message": "[{\"added\": {}}]"}}, {"model": "admin.logentry", "pk": 21, "fields": {"action_time": "2023-05-22T23:01:08.385", "user": 1, "content_type": 10, "object_id": "4", "object_repr": "Jackson", "action_flag": 1, "change_message": "[{\"added\": {}}]"}}, {"model": "admin.logentry", "pk": 22, "fields": {"action_time": "2023-05-22T23:01:22.816", "user": 1, "content_type": 10, "object_id": "5", "object_repr": "Ibanez", "action_flag": 1, "change_message": "[{\"added\": {}}]"}}, {"model": "admin.logentry", "pk": 23, "fields": {"action_time": "2023-05-22T23:10:50.345", "user": 1, "content_type": 10, "object_id": "6", "object_repr": "Gibson", "action_flag": 1, "change_message": "[{\"added\": {}}]"}}, {"model": "admin.logentry", "pk": 24, "fields": {"action_time": "2023-05-23T04:00:16.775", "user": 1, "content_type": 10, "object_id": "7", "object_repr": "Ernie Ball", "action_flag": 1, "change_message": "[{\"added\": {}}]"}}, {"model": "admin.logentry", "pk": 25, "fields": {"action_time": "2023-05-23T04:00:25.726", "user": 1, "content_type": 10, "object_id": "8", "object_repr": "ROCKDALE", "action_flag": 1, "change_message": "[{\"added\": {}}]"}}, {"model": "admin.logentry", "pk": 26, "fields": {"action_time": "2023-05-23T04:00:30.622", "user": 1, "content_type": 10, "object_id": "9", "object_repr": "Savarez", "action_flag": 1, "change_message": "[{\"added\": {}}]"}}, {"model": "admin.logentry", "pk": 27, "fields": {"action_time": "2023-05-23T04:01:47.511", "user": 1, "content_type": 11, "object_id": "11", "object_repr": "═шъхы№", "action_flag": 1, "change_message": "[{\"added\": {}}]"}}, {"model": "admin.logentry", "pk": 28, "fields": {"action_time": "2023-05-23T04:24:16.557", "user": 1, "content_type": 10, "object_id": "10", "object_repr": "TC ELECTRONIC", "action_flag": 1, "change_message": "[{\"added\": {}}]"}}, {"model": "admin.logentry", "pk": 29, "fields": {"action_time": "2023-05-23T04:24:23.980", "user": 1, "content_type": 10, "object_id": "11", "object_repr": "BEHRINGER", "action_flag": 1, "change_message": "[{\"added\": {}}]"}}, {"model": "admin.logentry", "pk": 30, "fields": {"action_time": "2023-05-23T04:41:46.837", "user": 1, "content_type": 10, "object_id": "12", "object_repr": "VOX", "action_flag": 1, "change_message": "[{\"added\": {}}]"}}, {"model": "admin.logentry", "pk": 31, "fields": {"action_time": "2023-05-23T04:41:52.892", "user": 1, "content_type": 10, "object_id": "13", "object_repr": "ROLAND", "action_flag": 1, "change_message": "[{\"added\": {}}]"}}, {"model": "admin.logentry", "pk": 32, "fields": {"action_time": "2023-05-23T04:42:03.870", "user": 1, "content_type": 10, "object_id": "14", "object_repr": "MARSHALL", "action_flag": 1, "change_message": "[{\"added\": {}}]"}}, {"model": "admin.logentry", "pk": 33, "fields": {"action_time": "2023-05-23T23:56:29.784", "user": 1, "content_type": 3, "object_id": "1", "object_repr": "basic", "action_flag": 1, "change_message": "[{\"added\": {}}]"}}, {"model": "admin.logentry", "pk": 34, "fields": {"action_time": "2023-05-23T23:57:17.178", "user": 1, "content_type": 3, "object_id": "2", "object_repr": "manager", "action_flag": 1, "change_message": "[{\"added\": {}}]"}}, {"model": "admin.logentry", "pk": 35, "fields": {"action_time": "2023-05-24T00:01:17.729", "user": 1, "content_type": 3, "object_id": "1", "object_repr": "basic", "action_flag": 2, "change_message": "[{\"changed\": {\"fields\": [\"Permissions\"]}}]"}}, {"model": "admin.logentry", "pk": 36, "fields": {"action_time": "2023-05-26T05:57:29.356", "user": 1, "content_type": 4, "object_id": "1", "object_repr": "admin", "action_flag": 2, "change_message": "[{\"changed\": {\"fields\": [\"First name\", \"Last name\", \"Email address\"]}}]"}}, {"model": "admin.logentry", "pk": 37, "fields": {"action_time": "2023-05-26T06:14:19.315", "user": 1, "content_type": 4, "object_id": "2", "object_repr": "test", "action_flag": 2, "change_message": "[{\"changed\": {\"fields\": [\"Groups\"]}}]"}}, {"model": "auth.group", "pk": 1, "fields": {"name": "basic", "permissions": [12, 8, 16, 20, 28, 49, 50, 51, 52, 36, 40, 44, 48, 24, 32]}}, {"model": "auth.group", "pk": 2, "fields": {"name": "manager", "permissions": [12, 8, 16, 20, 28, 49, 50, 51, 52, 36, 40, 44, 45, 46, 47, 48, 24, 32]}}, {"model": "auth.user", "pk": 1, "fields": {"password": "pbkdf2_sha256$390000$ji4AlB0fOdgI81AVGzp2hu$yhs8hKra95FugY+HPr2GelNnwP3uYYmZHNMXVQSdlrw=", "last_login": "2023-05-27T05:55:51.951", "is_superuser": true, "username": "admin", "first_name": "Man", "last_name": "Man", "email": "valerijmanukyan.manukyan@yandex.ru", "is_staff": true, "is_active": true, "date_joined": "2023-05-21T19:14:04", "groups": [], "user_permissions": []}}, {"model": "auth.user", "pk": 2, "fields": {"password": "pbkdf2_sha256$390000$9DtSUQUT8gMYSA3yGeTJAE$Tz0LjKfyQb135/hAfClzS4/vusztbq3iLv5QPbWjUgA=", "last_login": "2023-05-27T03:50:23.162", "is_superuser": false, "username": "test", "first_name": "", "last_name": "", "email": "test@yandex.ru", "is_staff": false, "is_active": true, "date_joined": "2023-05-26T06:00:37", "groups": [2], "user_permissions": []}}, {"model": "auth.user", "pk": 3, "fields": {"password": "pbkdf2_sha256$390000$jgYjqFnAzzjoVDO7vgL5wu$xVE7OkmlPVtybBr8i7dCPLlq1aW2lSz526wD3jxbFy4=", "last_login": "2023-05-27T04:31:14.253", "is_superuser": false, "username": "test2", "first_name": "", "last_name": "", "email": "test2@yandex.ru", "is_staff": false, "is_active": true, "date_joined": "2023-05-27T04:31:07.012", "groups": [], "user_permissions": []}}, {"model": "sessions.session", "pk": "4v750cu39jr1oxnz8frs33db3p35d786", "fields": {"session_data": ".eJxVjMsOwiAQRf-FtSED8igu3fcbyMAMUjU0Ke3K-O_apAvd3nPOfYmI21rj1nmJE4mLUOL0uyXMD247oDu22yzz3NZlSnJX5EG7HGfi5_Vw_w4q9vqtLTnWLiQqBQkGnTgPyYeALimvgg2qWCioszXFGPAO2GABOnt2xgOI9wf5fDfZ:1q2MYw:zH21b0OjjiRVIHXbuPHqerrKM-pmz0cBQtn8VEOhQVE", "expire_date": "2023-06-09T04:48:14.755"}}, {"model": "sessions.session", "pk": "atz4xpa0trde9xbe1j9bgo9y750z4swl", "fields": {"session_data": ".eJxVjMsOwiAQRf-FtSED8igu3fcbyMAMUjU0Ke3K-O_apAvd3nPOfYmI21rj1nmJE4mLUOL0uyXMD247oDu22yzz3NZlSnJX5EG7HGfi5_Vw_w4q9vqtLTnWLiQqBQkGnTgPyYeALimvgg2qWCioszXFGPAO2GABOnt2xgOI9wf5fDfZ:1q1go4:eyo5X3E07j0YrQVe8KK10_-Pkjfj4bzCOw91r4d1JtU", "expire_date": "2023-06-07T08:13:04.504"}}, {"model": "sessions.session", "pk": "j9o8i9e9bmtrkn6i8lsbj2v4f5jvt4uj", "fields": {"session_data": ".eJxVjMsOwiAQRf-FtSED8igu3fcbyMAMUjU0Ke3K-O_apAvd3nPOfYmI21rj1nmJE4mLUOL0uyXMD247oDu22yzz3NZlSnJX5EG7HGfi5_Vw_w4q9vqtLTnWLiQqBQkGnTgPyYeALimvgg2qWCioszXFGPAO2GABOnt2xgOI9wf5fDfZ:1q2NE6:N9W3xkmVfDzUY5I2zb9_c7fyyQGA_B--i3ppLUsit_Y", "expire_date": "2023-06-09T05:30:46.874"}}, {"model": "sessions.session", "pk": "oo93fpd37nrxfog43de12wfog7dk51f2", "fields": {"session_data": ".eJxVjMsOwiAQRf-FtSED8igu3fcbyMAMUjU0Ke3K-O_apAvd3nPOfYmI21rj1nmJE4mLUOL0uyXMD247oDu22yzz3NZlSnJX5EG7HGfi5_Vw_w4q9vqtLTnWLiQqBQkGnTgPyYeALimvgg2qWCioszXFGPAO2GABOnt2xgOI9wf5fDfZ:1q2k5w:itjGKbcLMT2RNo38OjQzYLnigWFAj-QuGa6LY5yIOq4", "expire_date": "2023-06-10T05:55:52.030"}}, {"model": "sites.site", "pk": 1, "fields": {"domain": "example.com", "name": "example.com"}}, {"model": "musicshop.product", "pk": 2, "fields": {"name": "Dean DFH CFH", "description": "▌ыхъЄЁюушЄрЁр. ╩юЁяєё-ъЁрёэюх фхЁхтю, уЁшЇ-ъЁрёэюх фхЁхтю/ярышёрэфЁ, ъюыъш-Grover, ўхЁэр  ЇєЁэшЄєЁр, Floyd Rose, фрЄўшъш 2ї═ (Bill Lawrence), ЎтхЄ - уюыєс√х ьюыэшш.", "quantity": 1, "price": 150000, "color": "╤шэшщ", "photo": "photos/2023/05/22/dean_KDBBtMZ.png", "sale": false, "sale_price": 100000, "manufacturer": 2, "category": 1, "material": 4}}, {"model": "musicshop.product", "pk": 3, "fields": {"name": "EPIPHONE Les Paul Edition", "description": "▌ыхъЄЁюушЄрЁр, ЎтхЄ ўхЁэ√щ, ъюЁяєё - Єюяюы№, уЁшЇ - юъєюьх, эръырфър уЁшЇр - ярышёрэфЁ. ├ЁшЇ - 1960s SlimTaperЩ D, ъЁхяыхэшх - эр сюыЄрї, 22 ырфр, ьхэчєЁр - 24,75``. ╟тєъюёэшьрЄхыш - H/H - 650R (э¤ъ) / 700╥ (сЁшфц). ╨хуєы ЄюЁ√ - 1 уЁюьъюёЄш, 1 Єюэр, 3-яючшЎшюээ√щ яхЁхъы■ўрЄхы№. ┴Ёшфц Tune-O-Matic ё ЇшъёшЁютрээ√ь ёЄЁєэюфхЁцрЄхыхь Stop Bar. ╓тхЄ ЇєЁэшЄєЁ√ - эшъхы№.", "quantity": 4, "price": 87000, "color": "╫хЁэ√щ", "photo": "photos/2023/05/22/epiphone_2_ZdUyUY4.png", "sale": true, "sale_price": 69700, "manufacturer": 3, "category": 1, "material": 5}}, {"model": "musicshop.product", "pk": 4, "fields": {"name": "JACKSON Randy Rhoads Floyd Rose", "description": "JACKSON RD FR J Ц 6-ёЄЁєээр  ушЄрЁр  т ёЄшы№эюь ъюЁяєёх чэрьхэшЄющ єчэртрхьющ ЇюЁь√ King VЩ. JACKSON RD FR - юЄышўэр  тючьюцэюёЄ№ яЁшюсЁхёЄш эрёЄю ∙шщ Jackson King VЩ ё хую їрЁръЄхЁэ√ь чтєъюь, ¤ЇЇхъЄэ√ь тэх°эшь тшфюь ш єфюсёЄтюь яЁш шуЁх. ╚эёЄЁєьхэЄ юсырфрхЄ ў╕Єъшь, ўшёЄ√ь,  Ёъшь чтєўрэшхь, р хую Ўхэр тхё№ьр фхьюъЁрЄшўэр. ┬ ъюэёЄЁєъЎшш King VЩ JS32 шёяюы№чютрэ√ ьрЄхЁшры√ ш ¤ыхъЄЁюэшър т√ёюъюую ърўхёЄтр.", "quantity": 3, "price": 105000, "color": "╫хЁэ√щ", "photo": "photos/2023/05/22/jackson.png", "sale": false, "sale_price": 80000, "manufacturer": 4, "category": 1, "material": 5}}, {"model": "musicshop.product", "pk": 5, "fields": {"name": "GIBSON Explorer", "description": "╩юЁяєё: ъЁрёэюх фхЁхтю\r\n├ЁшЇ: ъЁрёэюх фхЁхтю, 22 ырфр\r\n═ръырфър уЁшЇр: ярыхёрэфЁ\r\n╠хэчєЁр: 24,75\"\r\n╩Ёхяыхэшх уЁшЇр: тъыххэ√щ\r\n╟тєъюёэшьрЄхыш: Uncovered 496R (Ceramic)/Uncovered 500T (Ceramic)\r\n╨хуєышЁютъш: 2 уЁюьъюёЄ№, 1 Єюэ, 3-яюч.яхЁхъы■ўрЄхы№\r\n┴Ёшфц: Gibson Tune-O-Matic\r\n╘єЁэшЄєЁр: їЁюь.\r\n╓тхЄ: Classic White, Cherry, Ebony\r\n╤ЄЁрэр - яЁюшчтюфшЄхы№: ╤╪└.", "quantity": 5, "price": 50890, "color": "╬Ёрэцхт√щ", "photo": "photos/2023/05/22/explorer.png", "sale": true, "sale_price": 41000, "manufacturer": 6, "category": 1, "material": 4}}, {"model": "musicshop.product", "pk": 6, "fields": {"name": "IBANEZ PF15ECE-NT", "description": "▌ыхъЄЁюръєёЄшўхёър  ушЄрЁр, ьрЄютр  фхър, ЇюЁь√ фЁхфэюєЄ, эрЄєЁры№эюую ЎтхЄр, 20 ырфют. ╩юЁяєё Ч ярышёрэфЁ ш ьрїруюэш, уЁшЇ Ч ьрїруюэш, эръырфър Ч ярышёрэфЁ. ╟тєъюёэшьрЄхы№, яЁхфєёшышЄхы№ ё Є■эхЁюь.", "quantity": 6, "price": 31000, "color": "─хЁхтю", "photo": "photos/2023/05/22/ibanez_1.png", "sale": false, "sale_price": 24000, "manufacturer": 5, "category": 1, "material": 6}}, {"model": "musicshop.product", "pk": 7, "fields": {"name": "IBANEZ BTB845-CBL", "description": "╠юфхы№ ЁрёЎтхЄъш Cerulean Blue Burst, 24 ырфр. ╩юЁяєё Ч юъєьх,  ёхэ№,Єюяюы№; уЁшЇ Ч ъыхэ, юЁхї; эръырфър Ч  Єюср. HH, 3-яюыюёэ√щ EQ, уЁюьъюёЄ№, срырэё.", "quantity": 2, "price": 121000, "color": "╤шэшщ", "photo": "photos/2023/05/22/ibanez_2.png", "sale": true, "sale_price": 102500, "manufacturer": 5, "category": 1, "material": 5}}, {"model": "musicshop.product", "pk": 8, "fields": {"name": "Dean Guitars Dimebag Dime Slime ML", "description": "╠юфхы№ Dimebag Darrell Signature\r\n╩юЁяєё шч ъЁрёэюую фхЁхтр\r\n╧ырьхээ√щ ъыхэют√щ Єюя\r\n┬ёЄЁрштрхьр  °хщър шч ъЁрёэюую фхЁхтр\r\n├ЁшЇ: ярышёрэфЁ (Dalbergia latifolia)\r\nфышэр °ъры√ 629 ьь\r\nяЁюЇшы№ ё V-юсЁрчэ√ь т√Ёхчюь\r\nЄюўхўэ√х тъырфъш\r\n22 ушурэЄёъшї ырфр\r\nЁрфшєё уЁшЇр 305 ьь\r\nўхЁэр  юст чър фы  Єхыр ш °хш\r\nёЄюяюЁэр  урщър Floyd Rose R3 ё урщъющ °шЁшэющ 43 ьь\r\nфрЄўшъш: DMT Design BKWH (уюЁыютшэр ) ш Seymour Duncan SH13 Dimebucker (ьюёЄ) їрьсръхЁ√\r\nуюыютъш ьр°шэ Grover\r\nўхЁэ√х ъэюяъш эр уюыютърї Є уют√ї ьр°шэ DBD\r\nўхЁэ√х ряярЁрЄэ√х ёЁхфёЄтр\r\nFloyd ╤яхЎшры№эр  ёшёЄхьр Rose Tremolo\r\n╟ртюфёъшх ёЄЁєэ√: DR DBG-9 High Voltage .009 - .042 (╣ рЁЄшъєыр: 187975)\r\n╓тхЄ: ёышч№ Dime", "quantity": 1, "price": 250000, "color": "╟хыхэ√щ", "photo": "photos/2023/05/22/dean_2.png", "sale": false, "sale_price": 200000, "manufacturer": 2, "category": 1, "material": 2}}, {"model": "musicshop.product", "pk": 9, "fields": {"name": "Jackson JS Series DinkyЩ Arch Top JS32Q", "description": "JACKSON JS Series DinkyЩ Arch Top JS32Q, Dark Sunburst Ц 6-ёЄЁєээр  ушЄрЁр шч ышэхщъш лJS╗ (Junior Series). JS32Q Dinky Ц яЁхъЁрёэ√щ шэёЄЁєьхэЄ ш юЄышўэр  тючьюцэюёЄ№ яЁшюсЁхёЄш эрёЄю ∙шщ Jackson ё хую їрЁръЄхЁэ√ь чтєъюь, ¤ыхурэЄэ√ь тэх°эшь тшфюь ш єфюсёЄтюь яЁш шуЁх. ╚эёЄЁєьхэЄ юсырфрхЄ ў╕Єъшь, ўшёЄ√ь,  Ёъшь чтєўрэшхь, р хую Ўхэр тхё№ьр фхьюъЁрЄшўэр. ┬ ъюэёЄЁєъЎшш ушЄрЁ√ шёяюы№чютрэ√ ьрЄхЁшры√ ш ¤ыхъЄЁюэшър т√ёюъюую ърўхёЄтр. ─хър JS32Q Arch Top шьххЄ ¤ыхурэЄэє■ ЇюЁьє, ёфхырэр шч фЁхтхёшэ√ Єюяюы  ё ъЁрёшт√ь т√уэєЄ√ь Єюяюь шч тюыэшёЄюую ъы╕эр. ├ЁшЇ Ц шч Ўхы№эюую ъєёър ъы╕эр, ё уЁрЇшЄют√ь єёшыхэшхь, ё ьрЄютющ юЄфхыъющ ш юърэЄютъющ схыюую ЎтхЄр, яЁштшэўхээ√щ. ╧рышёрэфЁютр  эръырфър Ц ьєы№ЄшЁрфшєёэр . ╙чэртрхьр  шэъЁєёЄрЎш  ырфют яхЁырьєЄЁют√ьш ръєы№шьш яыртэшърьш єцх ёЄрыр эрёЄю ∙хщ тшчшЄэющ ърЁЄюўъющ ¤ыхъЄЁюушЄрЁ Jackson. ╧ЁхъЁрёэюх чтєўрэшх шэёЄЁєьхэЄр юсхёяхўштр■Є т√ёюъюяЁюшчтюфшЄхы№э√х їрьсръхЁ√ ёюсёЄтхээюую яЁюшчтюфёЄтр Jackson. ╧хЁхъы■ўрЄхы№ Ц ЄЁ╕їяючшЎшюээ√щ. ╥Ёхьюыю Floyd Rose фр╕Є °шЁюъшх тючьюцэюёЄш фы  шьяЁютшчрЎшш. ╟тєўрэшх эрёЄЁрштрхЄё  юфэшь Ёхуєы ЄюЁрьш уЁюьъюёЄш ш ЄхьсЁр. ╩юыъш Ц ышЄ√х, ёюсёЄтхээюую яЁюшчтюфёЄтр. ├шЄрЁр т√яєёърхЄё  т эхёъюы№ъшї трЁшрэЄрї ЎтхЄютюую шёяюыэхэш . Dark Sunburst Ц эютюх ЎтхЄютюх Ёх°хэшх 2017 уюфр. ╧ЁхфёЄртыхээр  ьюфхы№ юъЁр°хэр т ¤ыхурэЄэ√щ ЎтхЄ ъюЁшўэхт√щ ёрэс╕ЁёЄ ё уы эЎхтющ юЄфхыъющ, т√уюфэю фхьюэёЄЁшЁє■∙шщ ЇръЄєЁє ъыхэютюую Єюяр. ╬сышъ ушЄрЁ√ юЁурэшўэю фюяюыэ хЄ уюыютр уЁшЇр ўхЁэюую ЎтхЄр, ўхЁэ√х чтєъюёэшьрЄхыш ш ЇєЁэшЄєЁр. ═р ушЄрЁх ёЄю Є эшъхышЁютрээ√х ёЄЁєэ√ Єюы∙шэющ .009 - .042.", "quantity": 5, "price": 49600, "color": "╩юЁшўэхт√щ", "photo": "photos/2023/05/22/jackson_2.png", "sale": true, "sale_price": 41200, "manufacturer": 4, "category": 1, "material": 2}}, {"model": "musicshop.product", "pk": 10, "fields": {"name": "Ernie Ball 2215", "description": "╤ЄЁєэ√ фы  ¤ы.ушЄрЁ√ Nickel Wound Skinny Top Heavy Bottom (10-13-17-30-42-52)", "quantity": 14, "price": 840, "color": "╬с√ўэ√щ", "photo": "photos/2023/05/23/strings_1.png", "sale": false, "sale_price": 600, "manufacturer": 7, "category": 2, "material": 11}}, {"model": "musicshop.product", "pk": 11, "fields": {"name": "Ernie Ball 2148 Earthwood Phosphor Bronze", "description": "╤ЄЁєэ√ фы  6 ёЄЁєээющ ръєёЄшўхёъющ ушЄрЁ√ ╩рышсЁ ёЄЁєэ: 11-15-22w-30-42-52", "quantity": 13, "price": 920, "color": "╬с√ўэ√щ", "photo": "photos/2023/05/23/strings_2.png", "sale": true, "sale_price": 751, "manufacturer": 7, "category": 2, "material": 8}}, {"model": "musicshop.product", "pk": 12, "fields": {"name": "Ernie Ball 2221", "description": "╤ЄЁєэ√ фы  ¤ы.ушЄрЁ√ Nickel Wound Regular Slinky (10-13-17-26-36-46)", "quantity": 7, "price": 790, "color": "╬с√ўэ√щ", "photo": "photos/2023/05/23/strings_3.png", "sale": false, "sale_price": 621, "manufacturer": 7, "category": 2, "material": 11}}, {"model": "musicshop.product", "pk": 13, "fields": {"name": "Ernie Ball 2223", "description": "╤ЄЁєэ√ фы  ¤ы.ушЄрЁ√ Nickel Wound Super Slinky (9-11-16-24w-32-42)", "quantity": 3, "price": 790, "color": "╬с√ўэ√щ", "photo": "photos/2023/05/23/strings_4.png", "sale": true, "sale_price": 572, "manufacturer": 7, "category": 2, "material": 11}}, {"model": "musicshop.product", "pk": 14, "fields": {"name": "ROCKDALE RES-1046", "description": "╤ЄЁєэ√ фы  ¤ыхъЄЁюушЄрЁ√ ё °хёЄшуЁрээ√ь ёхЁфхўэшъюь ш эшъхыхт√ь яюъЁ√Єшхь. ╓тхЄэр  сюс√°ър т юёэютрэшш ёЄЁєэ√ ёююЄтхЄёЄтєхЄ эюьхЁє ёЄЁєэ√. ╨рчьхЁ: 010-046", "quantity": 16, "price": 220, "color": "╬с√ўэ√щ", "photo": "photos/2023/05/23/strings_5.png", "sale": false, "sale_price": 190, "manufacturer": 8, "category": 2, "material": 11}}, {"model": "musicshop.product", "pk": 15, "fields": {"name": "ROCKDALE RBS-45105", "description": "╤ЄЁєэ√ фы  срё-ушЄрЁ√ ё °хёЄшуЁрээ√ь ёхЁфхўэшъюь ш эшъхыхт√ь яюъЁ√Єшхь. ╨рчьхЁ: 045-105", "quantity": 14, "price": 720, "color": "╬с√ўэ√щ", "photo": "photos/2023/05/23/strings_6.png", "sale": true, "sale_price": 641, "manufacturer": 8, "category": 2, "material": 11}}, {"model": "musicshop.product", "pk": 16, "fields": {"name": "Ernie Ball 2831", "description": "╤ЄЁєэ√ фы  срё-ушЄрЁ√ Nickel Wound Bass Power Slinky (55-75-90-110)", "quantity": 2, "price": 2430, "color": "╬с√ўэ√щ", "photo": "photos/2023/05/23/strings_7.png", "sale": false, "sale_price": 2000, "manufacturer": 7, "category": 2, "material": 11}}, {"model": "musicshop.product", "pk": 17, "fields": {"name": "TC ELECTRONIC Dark Matter Distortion", "description": "═ряюы№эр  рэрыюуютр  ушЄрЁэр  яхфры№ ¤ЇЇхъЄр фшёЄюЁ°э, ярёёштэ√щ Bypass - схч яюЄхЁ№ Єюэр, яхЁхъы■ўрЄхы№ фтєї Ёхцшьют эшчъшї ўрёЄюЄ", "quantity": 5, "price": 7160, "color": "╫хЁэ√щ", "photo": "photos/2023/05/23/pedal_1.png", "sale": true, "sale_price": 6134, "manufacturer": 10, "category": 4, "material": 9}}, {"model": "musicshop.product", "pk": 18, "fields": {"name": "BEHRINGER NR300", "description": "╧хфры№ °єьюяюфртыхэш , 2 Ёхцшьр, яхЁъы■ўрЄхы№ Mute\r\n▌ЇЇхъЄштэю єёЄЁрэ хЄ °єь√ ш уєы, эх тыш   эр чтєўрэшх т Ўхыюь;\r\n╤юїЁрэ хЄ юЁшушэры№эє■ лрЄръє╗, юёЄрты   фшэрьшъє эхЄЁюэєЄющ;\r\n╨хуєы ЄюЁ√ Threshold ш Decay, р Єръ цх Ёхцшь Mute фы  фюяюыэшЄхы№эющ лушсъюёЄш╗;\r\n─юяюыэшЄхы№эр  яхЄы  яюё√ыр/тючтЁрЄр фы  єьхэ№°хэш  єЁютэ  °єьют юЄ тэх°эшї ¤ЇЇхъЄют;\r\n╤тхЄюфшюфэ√щ шэфшърЄюЁ тъы■ўхэш /т√ъы■ўхэш  ¤ЇЇхъЄют ш юЄюсЁрцхэш  тъы■ўхэш  яЁшсюЁр;\r\n╨рсюЄрхЄ юЄ 9-тюы№Єютющ срЄрЁхщъш шыш юЄ рфряЄхЁр BEHRINGER PSU-SB DC (яЁшюсЁхЄрхЄё  юЄфхы№эю);\r\n┬√ёюъюъырёёэ√щ ¤ыхъЄЁюээ√щ т√ъы■ўрЄхы№ фы  ёюїЁрэхэш  ЎхыюёЄэюёЄш ёшуэрыр т Ёхцшьх bypass;\r\n╟рфєьрэю ш ЁрчЁрсюЄрэю т ├хЁьрэшш.", "quantity": 3, "price": 2830, "color": "╤хЁхсЁшёЄ√щ", "photo": "photos/2023/05/23/pedal_2.png", "sale": false, "sale_price": 2167, "manufacturer": 11, "category": 4, "material": 9}}, {"model": "musicshop.product", "pk": 19, "fields": {"name": "BEHRINGER UT300", "description": "BEHRINGER UT300 - ¤Єю эряюы№эр  яхфры№ ¤ЇЇхъЄр ЄЁхьюыю (Tremolo). ╧хфры№ ЄЁхьюыю-¤ЇЇхъЄр ьюцхЄ с√Є№ шёяюы№чютрэр ё ушЄрЁрьш, срё-ушЄрЁрьш ш ъыртш°э√ьш шэёЄЁєьхэЄрьш. ▌ЇЇхъЄ яхфрыш яЁхфёЄрты хЄ ёюсющ юЁшушэры№эюх яёшїюфхышўхёъюх чтєўрэшх ё тшсЁшЁє■∙шьш, фЁюцр∙шьш яютЄюЁхэш ьш. ─ы  эрёЄЁющъш ш єяЁртыхэш  ярЁрьхЄЁрьш ьєч√ърэЄ√ ьюуєЄ тюёяюы№чютрЄ№ё  Ёєўърьш эрёЄЁющъш ёъюЁюёЄш (Rate), эрёЄЁющъш тюыэ√ ¤ЇЇхъЄр (Wave) ш эрёЄЁющъш уыєсшэ√ ¤ЇЇхъЄр (Depth). ╧хфры№ шьххЄ ётхЄюфшюфэє■ шэфшърЎш■ ёюёЄю эш  ¤ЇЇхъЄр. ╩Ёюьх ¤Єюую ётхЄюфшюфэ√щ шэфшърЄюЁ  ЁъюёЄ№■ ётюхую ётхўхэш  єтхфюьы хЄ ю ёюёЄю эшш срЄрЁхщъш. ┬їюф ш т√їюф эр Ёрч№хьрї 1/4 Jack, шьяхфрэё - 500 ъ╬ь./1 ъ╬ь., яюЄЁхсыхэшх ¤эхЁушш - 30 ь└., ЁрчьхЁ√ - 54 x 70 x 123 ьь., тхё - 0.33 ъу.", "quantity": 5, "price": 2850, "color": "╩юЁшўэхт√щ", "photo": "photos/2023/05/23/pedal_3.png", "sale": false, "sale_price": 2154, "manufacturer": 11, "category": 4, "material": 9}}, {"model": "musicshop.product", "pk": 20, "fields": {"name": "TC Electronic Hall of Fame 2 Reverb", "description": "TC Electronic Hall of Fame 2 Reverb яЁхфёЄрты хЄ ёюсющ ыхухэфрЁэє■ ушЄрЁэє■ яхфры№ ¤ЇЇхъЄр ЁхтхЁсхЁрЎшш, тъы■ўр  ¤ЇЇхъЄ Shimmer. ╧хфры№ шьххЄ 8 Ёхцшьют ЁрсюЄ√. ┼ёЄ№ Ёхцшь TonePrint фы  яюфъы■ўхэш  ъ ╧╩. ─ы  ЁхуєышЁютъш ярЁрьхЄЁют фюёЄєяэю 4 Ёєўъш эрёЄЁющъш ш фюяюыэшЄхы№э√щ яхЁхъы■ўрЄхы№, ъюЄюЁ√щ Ёрёяюыюцхэ эр яЁюўэюь ёЄры№эюь ъюЁяєёх. ▌ыхъЄЁюэшър яхфрыш шёяюы№чєхЄ ЇшЁьхээ√щ рыуюЁшЄь, ъюЄюЁ√щ яЁюшчтюфшЄхы№ шёяюы№чєхЄ т яЁюЇхёёшюэры№эюь юсюЁєфютрэшш ёЄєфшщэюую єЁютэ .", "quantity": 2, "price": 18000, "color": "╩Ёрёэ√щ", "photo": "photos/2023/05/23/pedal_4.png", "sale": true, "sale_price": 15140, "manufacturer": 10, "category": 4, "material": 9}}, {"model": "musicshop.product", "pk": 21, "fields": {"name": "VOX PATHFINDER 10 UNION JACK", "description": "╥ЁрэчшёЄюЁэ√щ ушЄрЁэ√щ ъюьсю-єёшышЄхы№. ╠ю∙эюёЄ№ 10 ┬рЄЄ. 1 фшэрьшъ 6,5 ф■щьют. 1 ўшёЄ√щ ърэры, 1 ърэры яхЁхуЁєчр. ╠юфхы№ фшэрьшъют: VOX Bulldog. ├рсрЁшЄ√: 380 (╪) ї 260 (├) ї 170 (┬) ьь. ┬хё: 4,8 ъу", "quantity": 2, "price": 16300, "color": "└ьхЁшърэёъшщ", "photo": "photos/2023/05/23/komb_1.png", "sale": false, "sale_price": 12500, "manufacturer": 12, "category": 3, "material": 9}}, {"model": "musicshop.product", "pk": 22, "fields": {"name": "ROLAND AC-33", "description": "╩юьсю-єёшышЄхы№ фы  ръєёЄшўхёъющ ушЄрЁ√ Acoustic Chorus. ╚ьххЄ 2 тїюфэ√ї ърэрыр: ушЄрЁэ√щ ш ышэхщэ√щ/ьшъЁюЇюээ√щ, р Єръцх ёяхЎшры№эю ёючфрээ√х ¤ЇЇхъЄ√, яюфртшЄхы№ юсЁрЄэющ ёт чш ш тёЄЁюхээ√щ ыєяхЁ. 30 ┬Є (2 ърэрыр яю 15 ┬Є) ёЄхЁхЇюэшўхёъюую чтєър ўхЁхч Ё фюь Ёрёяюыюцхээ√х фшэрьшъш. ╧шЄрхЄё  юЄ ёхЄш яхЁхьхээюую Єюър шыш юЄ тюё№ьш срЄрЁххъ шыш ръъєьєы ЄюЁют └└. ─тр тїюфэ√ї ърэрыр: ушЄрЁр (Guitar) ш ьшъЁюЇюэ/ышэхщэ√щ (Mic/Line).", "quantity": 2, "price": 59990, "color": "╫хЁэ√щ", "photo": "photos/2023/05/23/komb_2.png", "sale": true, "sale_price": 46800, "manufacturer": 13, "category": 3, "material": 9}}, {"model": "musicshop.product", "pk": 23, "fields": {"name": "MARSHALL CODE 25", "description": "MARSHALL CODE 25 ╤ombo Ц яюыэюёЄ№■ яЁюуЁрььшЁєхь√щ ЎшЇЁютющ ьюфхышЁє■∙шщ ъюьсюєёшышЄхы№, ъюЄюЁ√щ ёюўхЄрхЄ т ёхсх рєЄхэЄшўэюх тюёяЁюшчтхфхэшх ъырёёшўхёъюую ш ёютЁхьхээюую чтєър єёшышЄхыхщ Marshall ё ¤ЇЇхъЄрьш яЁюЇхёёшюэры№эюую ърўхёЄтр. ╠ю∙эюёЄ№ ьюфхыш Ц 25 ┬рЄЄ. ╩юьсюєёшышЄхы№ юёэр∙╕э юфэшь ърёЄюьэ√ь 10-ф■щьют√ь фшэрьшъюь.", "quantity": 4, "price": 33000, "color": "╫хЁэ√щ", "photo": "photos/2023/05/23/komb_3.png", "sale": false, "sale_price": 29000, "manufacturer": 14, "category": 3, "material": 9}}, {"model": "musicshop.product", "pk": 24, "fields": {"name": "MARSHALL DSL40 COMBO", "description": "MARSHALL DSL40 COMBO Ц фтєїърэры№э√щ ъюьсюєёшышЄхы№ ё 12-ф■щьют√ь фшэрьшъюь Celestion G-12 V-type, т√фр■∙шщ тхышъюыхяэ√щ чтєъ ш юЄышўр■∙шщё  ушсъюёЄ№■ эрёЄЁюхъ. ┴юурЄ√щ ЇєэъЎшюэры ¤Єющ ьюфхыш тъы■ўрхЄ тючьюцэюёЄ№ яхЁхъы■ўхэш  ьхцфє фтєь  Єшярьш чтєўрэш  эр ърцфюь ърэрых, ЁхтхЁсхЁрЄюЁ ш яхЄы■ ¤ЇЇхъЄют. ▌Єю яЁхфюёЄрты хЄ °шЁюъшх тючьюцэюёЄш фы  ЇюЁьшЁютрэш  ёюсёЄтхээюую єэшъры№эюую чтєўрэш , ¤ъёяхЁшьхэЄют ш ёрьют√Ёрцхэш . DSL40 яюфїюфшЄ ъръ фы  ёрьюёЄю Єхы№э√ї чрэ Єшщ, Єръ ш фы  чряшёш т ёЄєфшш шыш т√ёЄєяыхэшщ эр ёЎхэх. ╠ю∙эюёЄ№ ьюцэю єьхэ№°шЄ№ ё 40 ┬Є фю 20 ┬Є, ёюїЁрэшт шфхры№эюх ърўхёЄтю чтєър. ╧ЁхфєёьюЄЁхэю я Є№ т√їюфют фы  яюфъы■ўхэш  фюяюыэшЄхы№э√ї ърсшэхЄют. ╙ёшышЄхыхь ьюцэю єяЁрты Є№ ё шёяюы№чютрэшхь MIDI юсюЁєфютрэш .", "quantity": 2, "price": 115000, "color": "╫хЁэ√щ", "photo": "photos/2023/05/23/komb_4.png", "sale": true, "sale_price": 87000, "manufacturer": 14, "category": 3, "material": 9}}, {"model": "musicshop.manufacturer", "pk": 1, "fields": {"name": "Fender"}}, {"model": "musicshop.manufacturer", "pk": 2, "fields": {"name": "Dean"}}, {"model": "musicshop.manufacturer", "pk": 3, "fields": {"name": "Epiphone"}}, {"model": "musicshop.manufacturer", "pk": 4, "fields": {"name": "Jackson"}}, {"model": "musicshop.manufacturer", "pk": 5, "fields": {"name": "Ibanez"}}, {"model": "musicshop.manufacturer", "pk": 6, "fields": {"name": "Gibson"}}, {"model": "musicshop.manufacturer", "pk": 7, "fields": {"name": "Ernie Ball"}}, {"model": "musicshop.manufacturer", "pk": 8, "fields": {"name": "ROCKDALE"}}, {"model": "musicshop.manufacturer", "pk": 9, "fields": {"name": "Savarez"}}, {"model": "musicshop.manufacturer", "pk": 10, "fields": {"name": "TC ELECTRONIC"}}, {"model": "musicshop.manufacturer", "pk": 11, "fields": {"name": "BEHRINGER"}}, {"model": "musicshop.manufacturer", "pk": 12, "fields": {"name": "VOX"}}, {"model": "musicshop.manufacturer", "pk": 13, "fields": {"name": "ROLAND"}}, {"model": "musicshop.manufacturer", "pk": 14, "fields": {"name": "MARSHALL"}}, {"model": "musicshop.material", "pk": 2, "fields": {"name": "╩ы╕э"}}, {"model": "musicshop.material", "pk": 3, "fields": {"name": "▀ёхэ№"}}, {"model": "musicshop.material", "pk": 4, "fields": {"name": "╩Ёрёэюх фхЁхтю"}}, {"model": "musicshop.material", "pk": 5, "fields": {"name": "╥юяюы№"}}, {"model": "musicshop.material", "pk": 6, "fields": {"name": "╧рышёрэфЁ"}}, {"model": "musicshop.material", "pk": 7, "fields": {"name": "╦шяр"}}, {"model": "musicshop.material", "pk": 8, "fields": {"name": "┴Ёюэчр"}}, {"model": "musicshop.material", "pk": 9, "fields": {"name": "╤Єры№"}}, {"model": "musicshop.material", "pk": 10, "fields": {"name": "╪╕ыъ"}}, {"model": "musicshop.material", "pk": 11, "fields": {"name": "═шъхы№"}}, {"model": "musicshop.category", "pk": 1, "fields": {"name": "├шЄрЁ√"}}, {"model": "musicshop.category", "pk": 2, "fields": {"name": "╤ЄЁєэ√"}}, {"model": "musicshop.category", "pk": 3, "fields": {"name": "╩юьсюєёшышЄхыш"}}, {"model": "musicshop.category", "pk": 4, "fields": {"name": "╧хфрыш"}}]
